<?xml version="1.0" encoding="UTF-8"?>
<!DOCTYPE log4j:configuration PUBLIC "-//APACHE//DTD LOG4J 1.2//EN" "log4j.dtd">
<log4j:configuration xmlns:log4j="http://jakarta.apache.org/log4j/">

	<!-- Appenders -->
	<appender name="console" class="org.apache.log4j.ConsoleAppender">
		<param name="Target" value="System.out" />
		<layout class="org.apache.log4j.PatternLayout">
			<param name="ConversionPattern" value="%d{yyyy HH:mm:ss} %-5p %c:%L - %m%n" />
		</layout>
	</appender>
	
	<!-- 每天产生一个日志文件及格式 -->
	<appender name="rootLogger" class="org.apache.log4j.DailyRollingFileAppender">
		<!-- 设置file参数，日志输出位置及文件名 -->
		<param name="File" value="../logs/rootLogger.log" />
		
		<!-- 设置是否在重新启动服务时，在原有日志的基础添加新日志 -->
		<param name="Append" value="true" />
		
		<!-- 设置输出文件项目和格式 -->
		<param name="DatePattern" value="'.'yyyy-MM-dd" />
		
		<!-- 灵活的指定布局格式-->
		<layout class="org.apache.log4j.PatternLayout">
			<param name="ConversionPattern" value="[%p] %d{yyyy-MM-dd HH:mm:ss} %l: %m%n" />
		</layout>
	</appender>
	
	<!-- Application Loggers -->
	<logger name="com.haolin">
		<level value="info" />
	</logger>
	
	<!-- 3rdparty Loggers -->
	<logger name="org.springframework.core">
		<level value="info" />
	</logger>	
	
	<logger name="org.springframework.beans">
		<level value="info" />
	</logger>
	
	<logger name="org.springframework.context">
		<level value="info" />
	</logger>

	<logger name="org.springframework.web">
		<level value="info" />
	</logger>

	<logger name="org.springframework.jdbc">
		<level value="info" />
	</logger>

	<logger name="org.mybatis.spring">
		<level value="info" />
	</logger>
	<logger name="java.sql">
		<level value="info" />
	</logger>
	<logger name="org.apache.log4j.ConsoleAppender">
		<level value="info" />
	</logger>

    <logger name="java.sql.Connection">  
        <level value="debug" />  
        <appender-ref ref="console" />  
    </logger>  
      
    <logger name="java.sql.Statement">  
        <level value="debug" />  
        <appender-ref ref="console" />  
    </logger>  
      
    <logger name="java.sql.CallableStatement">  
        <level value="debug" />  
        <appender-ref ref="console" />  
    </logger>  
      
    <logger name="java.sql.PreparedStatement">  
        <level value="debug" />  
        <appender-ref ref="console" />  
    </logger>  
	
	<!-- Root Logger -->
	<root>
		<priority value="info" />
		<appender-ref ref="console" />
		<appender-ref ref="rootLogger" />
	</root>
</log4j:configuration>
