<?xml version="1.0" encoding="UTF-8" ?>
<beans xmlns="http://www.springframework.org/schema/beans"
	xmlns:xsi="http://www.w3.org/2001/XMLSchema-instance" xmlns:context="http://www.springframework.org/schema/context"
	xmlns:aop="http://www.springframework.org/schema/aop" xmlns:p="http://www.springframework.org/schema/p"
	xsi:schemaLocation="http://www.springframework.org/schema/beans  
     http://www.springframework.org/schema/beans/spring-beans-3.0.xsd  
     http://www.springframework.org/schema/aop  
     http://www.springframework.org/schema/aop/spring-aop-3.0.xsd
	 http://www.springframework.org/schema/context 
	 http://www.springframework.org/schema/context/spring-context-3.0.xsd">
   
   <!--此处加载不进来，需要解决。 
	<bean
		class="org.springframework.beans.factory.config.PropertyPlaceholderConfigurer">
		<property name="locations">
			<list>
				<value>classpath:redis.properties</value> 引入redis配置文件
				<value>classpath:jdbc.properties</value>定义spring-jdbc配置信息路径
			</list>
		</property>
	</bean>
	<context:property-placeholder location="classpath:redis/redis.properties" />
	-->
	
	<bean id="poolConfig" class="redis.clients.jedis.JedisPoolConfig">
		<property name="minIdle" value="3" />
		<property name="maxIdle" value="30" />
		<property name="maxTotal" value="60" />
		<!--//获取连接时的最大等待毫秒数(如果设置为阻塞时BlockWhenExhausted),如果超时就抛异常, 小于零:阻塞不确定的时间,  默认-1  -->
		<property name="maxWaitMillis" value="-1" />
		<property name="testOnBorrow" value="false" />
	</bean>

	<bean id="jedisConnFactory"
		class="org.springframework.data.redis.connection.jedis.JedisConnectionFactory">
		<property name="hostName" value="${redis.host}" />
		<property name="port" value="${redis.port}" />
		<property name="password" value="${redis.password}" />
		<property name="usePool" value="true" />
		<property name="poolConfig" ref="poolConfig" />
		<property name="timeout" value="60000"/>
		<property name="database" value="${redis.database}"/>
	</bean>

	<!-- redis template definition -->
	<bean id="redisTemplate" class="org.springframework.data.redis.core.RedisTemplate">
		<property name="connectionFactory" ref="jedisConnFactory" />
		
		<!--  -->
		<property name="keySerializer">
			<bean
				class="org.springframework.data.redis.serializer.StringRedisSerializer" />
		</property>
		<property name="valueSerializer">
			<!-- <bean
				class="org.springframework.data.redis.serializer.JdkSerializationRedisSerializer" /> -->
		   <bean
				class="org.springframework.data.redis.serializer.StringRedisSerializer" />
		</property>
		
		<!--  -->
		<property name="hashKeySerializer">
			<bean
				class="org.springframework.data.redis.serializer.StringRedisSerializer" />
		</property>
		<property name="hashValueSerializer">
			<bean
				class="org.springframework.data.redis.serializer.JdkSerializationRedisSerializer" />
		</property>
	
	</bean>
</beans>