<?xml version="1.0" encoding="UTF-8"?>
<beans xmlns="http://www.springframework.org/schema/beans"
	xmlns:xsi="http://www.w3.org/2001/XMLSchema-instance" xmlns:context="http://www.springframework.org/schema/context"
	xmlns:aop="http://www.springframework.org/schema/aop" xmlns:p="http://www.springframework.org/schema/p"
	xmlns:tx="http://www.springframework.org/schema/tx"
	xsi:schemaLocation="http://www.springframework.org/schema/beans   
    http://www.springframework.org/schema/beans/spring-beans-4.1.xsd  
    http://www.springframework.org/schema/context  
    http://www.springframework.org/schema/context/spring-context-4.1.xsd  
    http://www.springframework.org/schema/tx   
    http://www.springframework.org/schema/tx/spring-tx-4.1.xsd  
    http://www.springframework.org/schema/aop   
    http://www.springframework.org/schema/aop/spring-aop-4.1.xsd">
	<context:component-scan base-package="com" />
	
	<bean id="propertyConfigurer"
		class="org.springframework.beans.factory.config.PropertyPlaceholderConfigurer">
		<property name="locations">
			<list>
				<value>classpath:email/mail.properties</value> 
				<value>classpath:redis/redis.properties</value>
			</list>
		</property>
	</bean>
	<import resource="classpath:redis/redisConfig.xml" />
	<import resource="classpath:email/emailConfig.xml" />
	
	<bean id="dataSource" class="com.alibaba.druid.pool.DruidDataSource" init-method="init" destroy-method="close"> 
      <!-- 基本属性 url、user、password -->
      <property name="url" value="jdbc:mysql://127.0.0.1:3306/carvin?Unicode=true&amp;characterEncoding=UTF-8" />
      <property name="username" value="root" />
      <property name="password" value="liaoxx10" />
	  <!--	
	  <property name="url" value="jdbc:mysql://10.162.69.116:3306/jzhaolin?Unicode=true&amp;characterEncoding=UTF-8" />
      <property name="username" value="javaroot" />
      <property name="password" value="javahlsd2015" />	-->
      <!-- 配置初始化大小、最小、最大 -->
      <property name="initialSize" value="1" />
      <property name="minIdle" value="1" /> 
      <property name="maxActive" value="20" />

      <!-- 配置获取连接等待超时的时间 -->
      <property name="maxWait" value="60000" />

      <!-- 配置间隔多久才进行一次检测，检测需要关闭的空闲连接，单位是毫秒 -->
      <property name="timeBetweenEvictionRunsMillis" value="60000" />

      <!-- 配置一个连接在池中最小生存的时间，单位是毫秒 -->
      <property name="minEvictableIdleTimeMillis" value="300000" />

      <property name="validationQuery" value="SELECT 'x'" />
      <property name="testWhileIdle" value="true" />
      <property name="testOnBorrow" value="false" />
      <property name="testOnReturn" value="false" />

      <!-- 打开PSCache，并且指定每个连接上PSCache的大小 -->
      <property name="poolPreparedStatements" value="false" />
      <property name="maxPoolPreparedStatementPerConnectionSize" value="20" />
     
      <!-- 配置监控统计拦截的filters -->
      <property name="filters" value="stat,log4j,wall" /> 
      
      <!--合并多个DruidDataSource的监控数据 
      <property name="useGlobalDataSourceStat" value="true" /> -->
  	</bean>
  	
	<bean id="sqlSessionFactory" class="org.mybatis.spring.SqlSessionFactoryBean">
		<property name="dataSource" ref="dataSource"/>
		<property name="mapperLocations" value="classpath:mybatis/*.xml" />
		 <property name="configLocation" value="classpath:spring/mybatis-config.xml"/> 
        <property name="typeAliasesPackage" value="com.haolin.entity,com.hlpfwx.entity" /> 
	</bean>
	
	<bean name="transactionManager" class="org.springframework.jdbc.datasource.DataSourceTransactionManager">   
    	<property name="dataSource" ref="dataSource"></property>
 	</bean>
 	
	<bean id="sqlSession" class="org.mybatis.spring.SqlSessionTemplate">
		<constructor-arg index="0" ref="sqlSessionFactory"></constructor-arg>
	</bean>
	
	<bean class="org.mybatis.spring.mapper.MapperScannerConfigurer">
		<property name="basePackage" value="com.*.mapper" />
		<property name="sqlSessionTemplateBeanName" value="sqlSession"/>
	</bean>
	
	<tx:advice id="txAdvice" transaction-manager="transactionManager">
		<tx:attributes>
			<tx:method name="delete*" propagation="REQUIRED" read-only="false"
				rollback-for="java.lang.Exception" />
			<tx:method name="insert*" propagation="REQUIRED" read-only="false"
				rollback-for="java.lang.Exception" />
			<tx:method name="update*" propagation="REQUIRED" read-only="false"
				rollback-for="java.lang.Exception" />
			<tx:method name="save*" propagation="REQUIRED" read-only="false"
				rollback-for="java.lang.Exception" />
			<tx:method name="*" propagation="REQUIRED" read-only="false" />
		</tx:attributes>
	</tx:advice>

	<aop:config>
		<aop:pointcut id="pc" expression="execution(* com.*.service..*(..))" />
		<aop:advisor pointcut-ref="pc" advice-ref="txAdvice" />
	</aop:config>
</beans>
