<?xml version="1.0" encoding="UTF-8"?>
<beans xmlns="http://www.springframework.org/schema/beans"
	xmlns:xsi="http://www.w3.org/2001/XMLSchema-instance" 
	xmlns:aop="http://www.springframework.org/schema/aop"
	xmlns:mvc="http://www.springframework.org/schema/mvc" 
	xmlns:tx="http://www.springframework.org/schema/tx"
	xmlns:context="http://www.springframework.org/schema/context" 
	xmlns:p="http://www.springframework.org/schema/p"
	xmlns:task="http://www.springframework.org/schema/task"
	xsi:schemaLocation="http://www.springframework.org/schema/beans
	http://www.springframework.org/schema/beans/spring-beans.xsd
						http://www.springframework.org/schema/aop 
						http://www.springframework.org/schema/aop/spring-aop-4.1.xsd
						http://www.springframework.org/schema/tx 
						http://www.springframework.org/schema/tx/spring-tx-4.1.xsd
						http://www.springframework.org/schema/mvc
		                http://www.springframework.org/schema/mvc/spring-mvc-4.1.xsd	
						http://www.springframework.org/schema/context 
						http://www.springframework.org/schema/context/spring-context-4.1.xsd
						http://www.springframework.org/schema/task  
                        http://www.springframework.org/schema/task/spring-task-4.1.xsd">
	<!-- task任务扫描注解 -->
	<task:annotation-driven />
	<context:component-scan base-package="com.framework.task"></context:component-scan>
	<mvc:annotation-driven />
	<!--一句注册的这两个bean 会自动注册RequestMappingHandlerMapping和 RequestMappingHandlerAdapter。两个bean 
	<mvc:annotation-driven>
		<mvc:message-converters register-defaults="true">
			<bean
				class="org.springframework.http.converter.json.MappingJackson2HttpMessageConverter">
				<property name="prefixJson" value="false" />
				<property name="supportedMediaTypes">
					<list>
						<value>text/plain;charset=UTF-8</value>
						<value>application/json;charset=UTF-8</value>
					</list>
				</property>
			</bean>
		</mvc:message-converters>
	</mvc:annotation-driven> -->
	
	<context:component-scan base-package="com.*.controller" />
	<bean id="multipartResolver"
		class="org.springframework.web.multipart.commons.CommonsMultipartResolver" />
		<!--上传文件 -->
	<mvc:interceptors>
		<mvc:interceptor>
			<mvc:mapping path="/**/*" />
			<bean class="com.framework.interceptor.LoginHandlerInterceptor" />
		</mvc:interceptor>
	</mvc:interceptors>

	<bean
		class="org.springframework.web.servlet.view.InternalResourceViewResolver">
		<property name="prefix" value="/jsp/" />
		<property name="suffix" value=".jsp" />
	</bean>

	<bean id="exceptionResolver" class="com.framework.resolver.MyExceptionResolver"></bean>

</beans>
