<?xml version="1.0" encoding="UTF-8" ?>  
<beans xmlns="http://www.springframework.org/schema/beans"  
    xmlns:xsi="http://www.w3.org/2001/XMLSchema-instance"  
    xsi:schemaLocation="http://www.springframework.org/schema/beans  
     http://www.springframework.org/schema/beans/spring-beans-3.0.xsd  
     http://www.springframework.org/schema/aop  
     http://www.springframework.org/schema/aop/spring-aop-3.0.xsd"  
    xmlns:aop="http://www.springframework.org/schema/aop"  
    xmlns:p="http://www.springframework.org/schema/p">  
    
    <!-- 申明SimpleMailMessage对象 -->  
    <bean id="simpleMailMessage" class="org.springframework.mail.SimpleMailMessage">  
       <!-- 设置发送方,Jack是发送者的名字-->
        <property name="from" value="${mail.from}"/>  
        <!-- 设置接收方  -->  
        <property name="to" value="${mail.to}" /> 
        <!-- 查看SimpleMailMessage源码还可以注入标题,内容等 -->  
    </bean>  
    
    <!-- 申明JavaMailSenderImpl对象 -->  
    <bean id="mailSender"
     class="org.springframework.mail.javamail.JavaMailSenderImpl">  
        <property name="defaultEncoding" value="UTF-8" />  
        <property name="host" value="${mail.host}" />  
        <property name="username" value="${mail.username}" />  
        <property name="password" value="${mail.password}" />  
        <property name="javaMailProperties">  
            <props>  
                <!-- 设置认证开关 -->  
                <prop key="mail.smtp.auth">true</prop>  
                <!-- 启动调试开关 -->  
                <prop key="mail.debug">false</prop>  
            </props>  
        </property>  
    </bean> 
    
    <!--邮件发送者  
    <bean id="mailsenderutil" class="com.haolin.util.MailSenderUtil">    
          <property name="javaMailSender" ref="mailSender" />  
          <property name="simpleMailMessage" ref="simpleMailMessage" />  
    </bean>  -->
    
    <!--统一异常处理  
    <bean id="MyExceptionHandler" class="com.haolin.resolver.MyExceptionResolver">
         <property name="mailsenderutil" ref="mailsenderutil" /> 
         <property name="sendTo" value="${mail.to}" />   
    </bean> -->
</beans>